pipeline_id,project,selected_model_id,time_control_target_seconds,gaussian_control_target_count,gaussian_control_step_limit,baseline_run_id,baseline_status,baseline_record_kind,baseline_final_step,baseline_last_observed_step,baseline_training_end_step,baseline_loss,baseline_loss_step,baseline_loss_at_step,baseline_training_seconds,baseline_metric_training_seconds,baseline_reported_total_seconds,baseline_psnr,baseline_ssim,baseline_lpips,baseline_gaussian_count,model_selected_run_id,model_selected_status,model_selected_record_kind,model_selected_final_step,model_selected_last_observed_step,model_selected_training_end_step,model_selected_loss,model_selected_loss_step,model_selected_loss_at_step,model_selected_training_seconds,model_selected_metric_training_seconds,model_selected_reported_total_seconds,model_selected_psnr,model_selected_ssim,model_selected_lpips,model_selected_gaussian_count,time_control_run_id,time_control_status,time_control_record_kind,time_control_final_step,time_control_last_observed_step,time_control_training_end_step,time_control_loss,time_control_loss_step,time_control_loss_at_step,time_control_training_seconds,time_control_metric_training_seconds,time_control_reported_total_seconds,time_control_psnr,time_control_ssim,time_control_lpips,time_control_gaussian_count,gaussian_control_run_id,gaussian_control_status,gaussian_control_record_kind,gaussian_control_final_step,gaussian_control_last_observed_step,gaussian_control_training_end_step,gaussian_control_loss,gaussian_control_loss_step,gaussian_control_loss_at_step,gaussian_control_training_seconds,gaussian_control_metric_training_seconds,gaussian_control_reported_total_seconds,gaussian_control_psnr,gaussian_control_ssim,gaussian_control_lpips,gaussian_control_gaussian_count,time_control_psnr_first_match_step,time_control_psnr_first_match_seconds,time_control_psnr_sustained_match_step,time_control_psnr_sustained_match_seconds,time_control_ssim_first_match_step,time_control_ssim_first_match_seconds,time_control_ssim_sustained_match_step,time_control_ssim_sustained_match_seconds,time_control_lpips_first_match_step,time_control_lpips_first_match_seconds,time_control_lpips_sustained_match_step,time_control_lpips_sustained_match_seconds,time_control_all_first_match_step,time_control_all_first_match_seconds,time_control_all_sustained_match_step,time_control_all_sustained_match_seconds,gaussian_control_psnr_first_match_step,gaussian_control_psnr_first_match_seconds,gaussian_control_psnr_sustained_match_step,gaussian_control_psnr_sustained_match_seconds,gaussian_control_ssim_first_match_step,gaussian_control_ssim_first_match_seconds,gaussian_control_ssim_sustained_match_step,gaussian_control_ssim_sustained_match_seconds,gaussian_control_lpips_first_match_step,gaussian_control_lpips_first_match_seconds,gaussian_control_lpips_sustained_match_step,gaussian_control_lpips_sustained_match_seconds,gaussian_control_all_first_match_step,gaussian_control_all_first_match_seconds,gaussian_control_all_sustained_match_step,gaussian_control_all_sustained_match_seconds
pipeline_5df0ad97ef5a,12-Maisonneuve Market,model_compact-ridge_20260721_195042_ridge_without_intercept_regularization,381.46203541755676,237468,15000,12_maisonneuve_market_phase1_run1_20260710_183357,success,final,5000,5000,5000,0.12067047506570816,5000,0.120670475@5000,385.3672184944153,385.3672184944153,429.9272196292877,17.0982608795166,0.6532537937164307,0.4739565849304199,317276,12_maisonneuve_market_phase2_run1_regularizati_20260721_200725,success,final,5000,5000,5000,0.12294819951057434,5000,0.1229482@5000,381.46203541755676,381.46203541755676,428.8479092121124,16.97531509399414,0.655456006526947,0.4674488604068756,237468,12_maisonneuve_market_phase90_run1_regularizati_20260922_185037,success,final,4835,4835,4835,0.139968603849411,4800,0.139968604@4800,381.4910190105438,381.4910190105438,430.7223355770111,17.016191482543945,0.6482148766517639,0.48201146721839905,319800,12_maisonneuve_market_phase91_run1_regularizati_20260922_220813,success,final,3700,3700,3700,0.15124459564685822,3700,0.151244596@3700,291.3571746349335,291.3571746349335,342.8486907482147,16.821529388427734,0.6444690823554993,0.4967067241668701,244350,4835,381.4910190105438,4835,381.4910190105438,,,,,,,,,,,,,,,,,,,,,,,,,,,,
pipeline_5df0ad97ef5a,4-Thomas-More-Church,model_compact-ridge_20260721_195042_ridge_without_intercept_regularization,340.09366106987,508632,15000,4_thomas_more_church_phase1_run1_20260710_184519,success,final,5000,5000,5000,0.08769771456718445,5000,0.0876977146@5000,349.147381067276,349.147381067276,380.71522974967957,21.867441177368164,0.7801133990287781,0.30199477076530457,667244,4_thomas_more_church_phase2_run1_regularizati_20260721_202855,success,final,5000,5000,5000,0.07225020229816437,5000,0.0722502023@5000,340.09366106987,340.09366106987,374.0588433742523,21.503803253173828,0.783177375793457,0.2995910048484802,508632,4_thomas_more_church_phase90_run1_regularizati_20260922_190701,success,final,4592,4592,4592,0.06994684040546417,4500,0.0699468404@4500,340.1039628982544,340.1039628982544,375.35478162765503,21.714847564697266,0.7780013680458069,0.3057655990123749,676536,4_thomas_more_church_phase91_run1_regularizati_20260922_221809,success,final,3900,3900,3900,0.0980769470334053,3900,0.098076947@3900,265.49499464035034,265.49499464035034,301.5481035709381,22.049365997314453,0.7768334746360779,0.3147697150707245,515246,4592,340.1039628982544,4592,340.1039628982544,,,,,,,,,,,,,3000,186.17696690559387,3000,186.17696690559387,,,,,,,,,,,,
pipeline_5df0ad97ef5a,Brasov,model_compact-ridge_20260721_195042_ridge_without_intercept_regularization,936.8995549678802,2665212,15000,brasov_phase1_run1_20260710_185658,success,final,5000,5000,5000,0.05665058270096779,5000,0.0566505827@5000,879.1249043941498,879.1249043941498,999.7292721271515,23.362234115600586,0.8022836446762085,0.19254253804683685,3107384,brasov_phase2_run1_regularizati_20260721_210224,success,final,5000,5000,5000,0.05513254180550575,5000,0.0551325418@5000,936.8995549678802,936.8995549678802,1058.9356410503387,23.368192672729492,0.8155534267425537,0.16710251569747925,2665212,brasov_phase90_run1_regularizati_20260922_191727,success,final,5001,5001,5001,0.05790022015571594,5000,0.0579002202@5000,982.1143369674683,982.1143369674683,1090.9869320392609,23.303911209106445,0.8020082712173462,0.19197015464305878,3116830,brasov_phase91_run1_regularizati_20260922_222723,success,final,4300,4300,4300,0.06756258010864258,4300,0.0675625801@4300,770.1323189735413,770.1323189735413,891.7845120429993,23.13582992553711,0.7956255078315735,0.20251722633838654,2706838,,,,,,,,,,,,,,,,,,,,,,,,,,,,,,,,
pipeline_5df0ad97ef5a,Changu,model_compact-ridge_20260721_195042_ridge_without_intercept_regularization,751.1244096755981,1787759,15000,changu_phase1_run1_20260710_192220,success,final,5000,5000,5000,0.11835847795009613,5000,0.118358478@5000,650.7019066810608,650.7019066810608,762.404375076294,19.9803524017334,0.6221040487289429,0.51813805103302,892774,changu_phase2_run1_regularizati_20260721_214121,success,final,5000,5000,5000,0.13359980285167694,5000,0.133599803@5000,751.1244096755981,751.1244096755981,869.9291100502014,20.077640533447266,0.6441638469696045,0.46657809615135193,1787759,changu_phase90_run1_regularizati_20260922_193952,success,final,6001,6001,6001,0.17139923572540283,6000,0.171399236@6000,805.7451138496399,805.7451138496399,912.1142857074738,20.299428939819336,0.6315898299217224,0.49996814131736755,899544,changu_phase91_run1_regularizati_20260922_224628,success,final,15000,15000,15000,0.11616431176662445,15000,0.116164312@15000,2277.2012820243835,2277.2012820243835,2394.273317337036,20.7869930267334,0.6535103917121887,0.44739606976509094,1638202,6000,733.7079675197601,6000,733.7079675197601,,,,,,,,,,,,,7000,913.3318855762482,7000,913.3318855762482,11000,1575.373161315918,11000,1575.373161315918,11000,1575.373161315918,11000,1575.373161315918,11000,1575.373161315918,11000,1575.373161315918
pipeline_5df0ad97ef5a,Chatteau_circle_60_and_45_degrees,model_compact-ridge_20260721_195042_ridge_without_intercept_regularization,572.2066397666931,2297891,15000,chatteau_circle_60_and_45_degrees_phase1_run1_20260710_194316,success,final,5000,5000,5000,0.09497411549091339,5000,0.0949741155@5000,279.8461422920227,279.8461422920227,302.44355726242065,23.37542724609375,0.5674729347229004,0.449271559715271,414895,chatteau_circle_60_and_45_degrees_phase2_run1_regularizati_20260721_221014,success,final,5000,5000,5000,0.061157822608947754,5000,0.0611578226@5000,572.2066397666931,572.2066397666931,615.8252294063568,23.804779052734375,0.6538241505622864,0.2520483732223511,2297891,chatteau_circle_60_and_45_degrees_phase90_run1_regularizati_20260922_195917,success,final,8990,8990,8990,0.0959499180316925,8900,0.095949918@8900,572.2533020973206,572.2533020973206,592.8714306354523,23.215328216552734,0.568866491317749,0.426198810338974,412410,chatteau_circle_60_and_45_degrees_phase91_run1_regularizati_20260922_233038,success,final,15000,15000,15000,0.07557334750890732,15000,0.0755733475@15000,1219.0754261016846,1219.0754261016846,1250.4828679561615,23.007465362548828,0.5804226398468018,0.3768288493156433,865341,,,,,,,,,,,,,,,,,,,,,,,,,,,,,,,,
pipeline_5df0ad97ef5a,DJI_202402171501_006_KTM20-oblique,model_compact-ridge_20260721_195042_ridge_without_intercept_regularization,1471.525907754898,6227049,15000,dji_202402171501_006_ktm20_oblique_phase1_run1_20260710_195342,success,final,5000,5000,5000,0.07820165157318115,5000,0.0782016516@5000,850.8770134449005,850.8770134449005,922.2312254905701,22.67146110534668,0.7449474930763245,0.30905401706695557,3205138,dji_202402171501_006_ktm20_oblique_phase2_run1_regularizati_20260721_224234,hard_cap_reached,final,3000,3000,3900,0.13222636282444,3000,0.132226363@3000,1471.525907754898,457.7012827396393,1494.8016242980957,19.86221694946289,0.606421172618866,0.44113606214523315,3822852,dji_202402171501_006_ktm20_oblique_phase90_run1_regularizati_20260922_201321,success,final,8136,8136,8136,0.0590604767203331,8100,0.0590604767@8100,1471.563349723816,1471.563349723816,1536.383373260498,23.346439361572266,0.7714395523071289,0.26764070987701416,3205590,dji_202402171501_006_ktm20_oblique_phase91_run1_regularizati_20260923_082348,partial,partial_last_observed,,10000,10400,0.08140616118907928,10000,0.0814061612@10000,6346.627024888992,5892.037744045258,6371.284860134125,23.48848533630371,0.7829562425613403,0.24541524052619934,5710588,2000,177.40064120292664,2000,177.40064120292664,3000,361.8486850261688,3000,361.8486850261688,3000,361.8486850261688,3000,361.8486850261688,3000,361.8486850261688,3000,361.8486850261688,2000,163.0862205028534,2000,163.0862205028534,3000,316.68217277526855,3000,316.68217277526855,3000,316.68217277526855,3000,316.68217277526855,3000,316.68217277526855,3000,316.68217277526855
pipeline_5df0ad97ef5a,Kninice_Church_of_the_Exaltation_of_the_Holy_Cross,model_compact-ridge_20260721_195042_ridge_without_intercept_regularization,323.7726454734802,718806,15000,kninice_church_of_the_exaltation_of_the_holy_cross_phase1_run1_20260710_201608,success,final,5000,5000,5000,0.09116455912590027,5000,0.0911645591@5000,249.9809126853943,249.9809126853943,277.80700874328613,20.942960739135742,0.6825411319732666,0.4535512626171112,295517,kninice_church_of_the_exaltation_of_the_holy_cross_phase2_run1_regularizati_20260721_232131,success,final,5000,5000,5000,0.08131466060876846,5000,0.0813146606@5000,323.7726454734802,323.7726454734802,356.6885871887207,21.209203720092773,0.706988513469696,0.39642205834388733,718806,kninice_church_of_the_exaltation_of_the_holy_cross_phase90_run1_regularizati_20260922_204310,success,final,6210,6210,6210,0.08433019369840622,6200,0.0843301937@6200,323.7817075252533,323.7817075252533,349.3911340236664,21.22958755493164,0.6862246990203857,0.44083595275878906,299322,kninice_church_of_the_exaltation_of_the_holy_cross_phase91_run1_regularizati_20260923_042908,success,final,15000,15000,15000,0.05857143551111221,15000,0.0585714355@15000,950.6662187576294,950.6662187576294,977.9438951015472,21.55191421508789,0.7008396983146667,0.4007558822631836,657730,6000,304.2440915107727,6000,304.2440915107727,,,,,,,,,,,,,9000,506.2102711200714,9000,506.2102711200714,,,,,,,,,,,,
pipeline_5df0ad97ef5a,Pix4d_forensic,model_compact-ridge_20260721_195042_ridge_without_intercept_regularization,534.1734449863434,2369708,15000,pix4d_forensic_phase1_run1_20260710_202542,success,final,5000,5000,5000,0.12750965356826782,5000,0.127509654@5000,283.13284707069397,283.13284707069397,309.7619047164917,23.919559478759766,0.5210695266723633,0.6489721536636353,377794,pix4d_forensic_phase2_run1_regularizati_20260721_234140,success,final,5000,5000,5000,0.10213068127632141,5000,0.102130681@5000,534.1734449863434,534.1734449863434,585.1316938400269,25.03558349609375,0.6723229289054871,0.4138753116130829,2369708,pix4d_forensic_phase90_run1_regularizati_20260922_205311,success,final,8742,8742,8742,0.11566363275051117,8700,0.115663633@8700,534.1949095726013,534.1949095726013,556.0777449607849,24.35211944580078,0.5357726216316223,0.61845463514328,384547,pix4d_forensic_phase91_run1_regularizati_20260923_044943,success,final,15000,15000,15000,0.10422586649656296,15000,0.104225866@15000,1303.4352898597717,1303.4352898597717,1329.9093720912933,24.57215690612793,0.5773778557777405,0.5309551954269409,1439947,,,,,,,,,,,,,,,,,,,,,,,,,,,,,,,,
pipeline_5df0ad97ef5a,Telc_sv_Jakub_March_18,model_compact-ridge_20260721_195042_ridge_without_intercept_regularization,566.5020055770874,2437644,15000,telc_sv_jakub_march_18_phase1_run1_20260710_210844,success,final,5000,5000,5000,0.05724748224020004,5000,0.0572474822@5000,331.2402894496918,331.2402894496918,367.79012084007263,21.139020919799805,0.7074774503707886,0.4318399131298065,895889,telc_sv_jakub_march_18_phase2_run1_regularizati_20260722_000540,success,final,5000,5000,5000,0.05707874149084091,5000,0.0570787415@5000,566.5020055770874,566.5020055770874,629.025732755661,21.101417541503906,0.7385345101356506,0.3607802391052246,2437644,telc_sv_jakub_march_18_phase90_run1_regularizati_20260922_210637,success,final,8201,8201,8201,0.054440729320049286,8200,0.0544407293@8200,567.5032067298889,567.5032067298889,604.2788968086243,21.198883056640625,0.7165655493736267,0.40806058049201965,873535,telc_sv_jakub_march_18_phase91_run1_regularizati_20260923_051604,success,final,13400,13400,13400,0.11278267204761505,13400,0.112782672@13400,1557.7391819953918,1557.7391819953918,1600.3803231716156,21.082801818847656,0.7220175266265869,0.39113324880599976,2445177,7000,465.8209795951843,7000,465.8209795951843,,,,,,,,,,,,,,,,,,,,,,,,,,,,
pipeline_5df0ad97ef5a,Tiburon_Angel_Islands_State_Park_Split_group_3,model_compact-ridge_20260721_195042_ridge_without_intercept_regularization,672.5180492401123,2512788,15000,tiburon_angel_islands_state_park_split_group_3_phase1_run1_20260710_214437,success,final,5000,5000,5000,0.1283225268125534,5000,0.128322527@5000,425.7986798286438,425.7986798286438,472.63010263442993,20.190692901611328,0.6377400755882263,0.5143877863883972,1081005,tiburon_angel_islands_state_park_split_group_3_phase2_run1_regularizati_20260722_003241,success,final,5000,5000,5000,0.11617150902748108,5000,0.116171509@5000,672.5180492401123,672.5180492401123,734.880943775177,20.33197021484375,0.6737901568412781,0.4406405985355377,2512788,tiburon_angel_islands_state_park_split_group_3_phase90_run1_regularizati_20260922_212052,success,final,7001,7001,7001,0.13330908119678497,7000,0.133309081@7000,677.033111333847,677.033111333847,718.2973709106445,20.0853328704834,0.645717203617096,0.49193233251571655,1078851,tiburon_angel_islands_state_park_split_group_3_phase91_run1_regularizati_20260923_054659,success,final,13600,13600,13600,0.08638159930706024,13600,0.0863815993@13600,1735.2981686592102,1735.2981686592102,1786.2667272090912,20.478313446044922,0.6659528017044067,0.4400557577610016,2516335,,,,,,,,,,,,,,,,,8000,845.1882882118225,11000,1318.1763942241669,,,,,13600,1735.2981686592102,13600,1735.2981686592102,,,,
pipeline_5df0ad97ef5a,morice,model_compact-ridge_20260721_195042_ridge_without_intercept_regularization,775.6906580924988,2891199,15000,morice_phase1_run1_20260710_215638,success,final,5000,5000,5000,0.061031073331832886,5000,0.0610310733@5000,433.29271841049194,433.29271841049194,476.3548448085785,28.494497299194336,0.8000825047492981,0.27396416664123535,918084,morice_phase2_run1_regularizati_20260722_010138,success,final,5000,5000,5000,0.05266008526086807,5000,0.0526600853@5000,775.6906580924988,775.6906580924988,848.9504563808441,29.4747314453125,0.8581226468086243,0.16830360889434814,2891199,morice_phase90_run1_regularizati_20260922_213702,success,final,8001,8001,8001,0.09573763608932495,8000,0.0957376361@8000,785.9416162967682,785.9416162967682,832.9756665229797,28.959850311279297,0.8096275925636292,0.25432702898979187,920074,morice_phase91_run1_regularizati_20260923_065549,success,final,15000,15000,15000,0.05452095717191696,15000,0.0545209572@15000,1642.0234117507935,1642.0234117507935,1687.086032152176,29.229379653930664,0.8253376483917236,0.22193734347820282,1896411,,,,,,,,,,,,,,,,,,,,,,,,,,,,,,,,
pipeline_5df0ad97ef5a,uncovice,model_compact-ridge_20260721_195042_ridge_without_intercept_regularization,489.17769837379456,1450299,15000,uncovice_phase1_run1_20260711_043746,success,final,5000,5000,5000,0.11738290637731552,5000,0.117382906@5000,382.0591356754303,382.0591356754303,425.69813346862793,22.647249221801758,0.6585447788238525,0.5125404596328735,424305,uncovice_phase2_run1_regularizati_20260722_013140,success,final,5000,5000,5000,0.14363831281661987,5000,0.143638313@5000,489.17769837379456,489.17769837379456,542.2221145629883,22.92454719543457,0.7018285393714905,0.41943323612213135,1450299,uncovice_phase90_run1_regularizati_20260922_215508,success,final,6501,6501,6501,0.05605608969926834,6500,0.0560560897@6500,490.2717328071594,490.2717328071594,532.5753645896912,22.738765716552734,0.6626426577568054,0.5010532736778259,424276,uncovice_phase91_run1_regularizati_20260923_072809,success,final,15000,15000,15000,0.12060374766588211,15000,0.120603748@15000,1254.4291124343872,1254.4291124343872,1295.960930109024,22.205242156982422,0.6660725474357605,0.47679686546325684,801641,,,,,,,,,,,,,,,,,,,,,,,,,,,,,,,,
